Código,Nome,Volume,Última (R$),Variação
MGLU3,Magazine Luiza,89.444.800,3,76,+2,17%
HAPV3,Hapvida,89.397.800,4,19,-0,24%
PETR4,Petrobras,88.870.500,31,85,+4,19%
OIBR3,Oi,52.668.400,1,19,+11,21%
VIIA3,Via,42.518.600,2,61,+0,38%
NTCO3,Natura,40.624.900,17,28,+7,53%
BBDC4,Banco Bradesco,32.094.200,17,25,-0,23%
B3SA3,B3,30.500.700,14,64,-0,61%
LREN3,Lojas Renner,28.777.000,21,76,+0,83%
EMBR3,Embraer,28.323.400,17,83,-7,42%
COGN3,Cogna,28.100.400,3,38,-1,46%
VALE3,Vale,27.191.500,66,93,-1,01%
CVCB3,CVC,27.106.400,3,97,-5,25%
ITUB4,Itaú Unibanco,26.308.200,29,04,+0,97%
RAIZ4,Raízen,23.895.200,4,23,+1,93%
AMAR3,Lojas Marisa,23.689.800,1,08,+24,14%
PRIO3,PetroRio,21.045.300,38,67,+6,94%
CIEL3,Cielo,20.998.800,4,69,-0,42%
ITSA4,Itaúsa,18.982.300,9,89,+0,82%
MRVE3,MRV,18.319.300,11,90,+1,19%
AMER3,Americanas,18.134.500,1,21,+0,00%
RAIL3,Rumo,18.111.800,22,27,-0,67%
ASAI3,Assaí,18.003.300,13,40,+0,53%
PETR3,Petrobras,16.983.900,35,68,+3,99%
TRAD3,Traders Club,16.604.800,1,85,-11,48%
JBSS3,JBS,16.309.800,18,89,-2,33%
VAMO3,Grupo Vamos,15.388.000,12,38,-2,29%
ABEV3,Ambev,15.328.500,15,28,+0,92%
ENEV3,Eneva,14.828.600,11,77,-1,92%
CBAV3,CBA,14.749.700,5,17,-6,51%
GOLL4,GOL,13.710.400,12,02,+1,43%
BBAS3,Banco do Brasil,13.655.800,51,99,+3,15%
IFCM3,Infracommerce,12.080.000,1,86,-9,71%
CMIN3,CSN Mineração,12.024.900,4,38,-1,57%
YDUQ3,YDUQS,12.015.700,20,35,+4,57%
WEGE3,WEG,11.876.900,36,45,-1,35%
EQTL3,Equatorial Energia,11.535.500,30,83,-0,16%
BRFS3,BRF,11.248.900,9,51,-1,96%
ANIM3,Ânima Educação,10.981.600,4,49,+2,05%
SOMA3,Grupo Soma,10.901.500,12,03,+2,12%
LIGT3,Light,10.689.300,8,13,+1,88%
AZUL4,Azul,10.419.200,21,76,+0,79%
USIM5,Usiminas,10.217.600,7,30,-1,22%
CMIG4,CEMIG,9.818.100,12,89,+1,18%
VBBR3,Vibra Energia,9.771.200,18,15,+1,17%
SEQL3,Sequoia Logística,9.758.000,1,70,+1,19%
POMO4,Marcopolo,9.424.100,5,33,+2,11%
ALPA4,Alpargatas,9.321.300,11,09,+2,88%
ELET3,Eletrobras,9.264.600,39,60,+0,53%
SMFT3,Smart Fit,9.136.100,20,61,-2,00%
CYRE3,Cyrela,9.119.400,19,84,+2,85%
CSAN3,Cosan,8.654.500,18,01,+1,81%
GGBR4,Gerdau,8.580.300,25,65,-0,81%
CSNA3,Siderúrgica Nacional,8.406.400,13,06,-0,46%
BBSE3,BB Seguridade,8.316.800,30,34,+0,36%
ONCO3,Oncoclínicas,7.995.100,10,17,-4,51%
PETZ3,Petz,7.969.200,7,29,+0,83%
AERI3,Aeris Energy,7.905.100,1,56,+2,63%
MULT3,Multiplan,7.654.100,27,41,+2,51%
CPLE6,Copel,7.375.500,7,87,-0,38%
CRFB3,Carrefour Brasil,7.178.300,10,93,-2,15%
NEOE3,Neoenergia,7.023.700,20,58,+1,78%
GFSA3,Gafisa,6.921.000,8,21,-3,53%
SUZB3,Suzano,6.653.500,46,48,-2,02%
BEEF3,Minerva,6.653.100,11,18,-0,18%
GOAU4,Metalúrgica Gerdau,6.369.400,12,11,-0,82%
TIMS3,TIM,6.063.700,14,86,-0,87%
CCRO3,Grupo CCR,6.044.700,14,04,-1,20%
ALSO3,Aliansce Sonae,6.010.800,24,70,+3,13%
MRFG3,Marfrig,6.001.400,7,64,-1,29%
SIMH3,Simpar,5.972.200,9,78,+0,10%
JHSF3,JHSF,5.916.200,5,18,+5,07%
GMAT3,Grupo Mateus,5.819.200,8,28,+2,48%
RDOR3,Rede D'Or,5.673.000,33,19,+0,73%
ECOR3,EcoRodovias,5.536.100,7,15,-1,38%
RENT3,Localiza,5.524.700,67,38,+0,46%
LWSA3,Locaweb,5.402.000,9,30,-1,27%
MODL3,Banco Modal,5.131.800,3,23,+2,87%
BBDC3,Banco Bradesco,5.044.900,14,97,+0,74%
HYPE3,Hypera,4.806.600,44,26,-0,54%
UGPA3,Ultrapar,4.756.600,18,33,+0,83%
STBP3,Santos Brasil,4.697.500,10,04,-0,10%
MOVI3,Movida,4.695.300,10,71,+0,09%
LJQQ3,Lojas Quero-Quero,4.648.400,6,43,+2,39%
RRRP3,3R Petroleum,4.634.200,32,64,-0,31%
RADL3,RaiaDrogasil,4.418.100,28,81,+0,38%
NGRD3,Neogrid,4.404.400,1,99,-8,29%
MLAS3,Multilaser,4.392.500,2,75,+4,17%
DIRR3,Direcional,4.348.200,18,38,-2,34%
TOTS3,Totvs,4.095.600,29,50,-1,44%
CEAB3,C&A,4.063.200,5,35,+1,71%
HBSA3,Hidrovias do Brasil,4.053.200,3,65,-2,93%
CASH3,Méliuz,3.571.600,8,58,-1,94%
EZTC3,EZTEC,3.554.700,19,28,+2,39%
RAPT4,Randon,3.515.800,12,10,+1,51%
RCSL3,Recrusul,3.498.800,1,86,+3,91%
ENBR3,EDP Brasil,3.464.700,23,51,+0,04%
VIVT3,Vivo,3.379.200,43,47,+0,79%
SBFG3,Grupo SBF,3.356.900,14,40,+2,13%
BRKM5,Braskem,3.268.900,29,55,-1,66%
CPFE3,CPFL Energia,3.186.700,33,13,+2,70%
IRBR3,IRB Brasil RE,3.051.000,40,61,+5,78%
RECV3,PetroRecôncavo,2.980.100,20,10,+3,93%
DXCO3,Dexco,2.940.700,9,25,-2,32%
BRSR6,Banrisul,2.924.500,14,90,+1,92%
MEAL3,IMC Alimentação,2.804.300,2,70,+3,05%
QUAL3,Qualicorp,2.781.700,4,80,-0,83%
ODPV3,Odontoprev,2.765.100,12,10,+3,77%
ELET6,Eletrobras,2.748.100,44,73,+0,83%
KLBN4,Klabin,2.711.700,4,51,-2,17%
ARZZ3,Arezzo,2.706.800,79,86,+3,53%
RCSL4,Recrusul,2.643.300,0,85,+10,39%
MBLY3,Mobly,2.582.700,4,01,+1,78%
PLPL3,Plano&Plano,2.578.000,9,85,+5,69%
MYPK3,Iochpe-Maxion,2.570.700,13,24,+1,15%
CURY3,Cury,2.548.800,14,90,-2,10%
ZAMP3,Zamp,2.525.300,5,90,+6,12%
FLRY3,Fleury,2.504.300,15,72,+0,00%
TRPL4,Transmissão Paulista,2.463.900,25,31,-0,28%
INTB3,Intelbras,2.390.000,25,54,-0,82%
TEND3,Construtora Tenda,2.358.500,9,52,+2,59%
VIVA3,Vivara,2.338.200,28,23,+1,04%
KEPL3,Kepler Weber,2.234.700,8,92,-0,45%
POSI3,Positivo,2.196.600,9,59,-0,93%
BRAP4,Bradespar,2.191.700,23,21,-0,64%
HBOR3,Helbor,2.168.900,3,75,+8,07%
GUAR3,Guararapes,2.158.500,6,88,+0,73%
BPAN4,Banco Pan,2.105.200,9,11,+1,33%
SLCE3,SLC Agrícola,2.103.800,36,90,-0,30%
SBSP3,Sabesp,1.946.500,55,60,+0,29%
GRND3,Grendene,1.894.000,7,56,+0,40%
SMTO3,São Martinho,1.868.300,37,34,-0,82%
ENAT3,Enauta,1.778.400,14,88,+6,06%
TRIS3,Trisul,1.757.700,5,79,+5,66%
KRSA3,Kora Saúde,1.711.200,1,07,-4,46%
ESPA3,Espaçolaser,1.696.800,1,93,-0,52%
CSMG3,COPASA,1.696.300,20,87,+0,77%
SLED4,Saraiva,1.664.100,2,85,+42,50%
MILS3,Mills,1.652.500,12,15,+2,10%
SAPR4,Sanepar,1.591.100,4,40,+0,46%
PCAR3,Grupo Pão de Açúcar,1.583.400,17,30,-2,75%
MDIA3,M. Dias Branco,1.576.600,41,26,+0,15%
SEER3,Ser Educacional,1.520.500,5,10,+1,59%
PSSA3,Porto Seguro,1.484.000,27,66,+1,24%
CXSE3,Caixa Seguridade,1.478.600,10,40,+0,78%
EGIE3,Engie,1.409.700,45,31,+0,09%
AZEV4,Azevedo & Travassos,1.393.500,1,95,+13,37%
CPLE3,Copel,1.303.700,7,74,-0,13%
AESB3,AES Brasil,1.302.400,12,16,+0,08%
DOTZ3,Dotz,1.275.500,1,59,-14,97%
CAML3,Camil Alimentos,1.259.500,7,87,-0,63%
AMBP3,Ambipar,1.237.000,20,16,-1,13%
EVEN3,Even,1.230.900,6,85,+2,24%
ENJU3,Enjoei,1.179.700,1,37,-2,14%
BRIT3,Brisanet,1.100.100,2,73,+1,11%
PTBL3,Portobello,1.055.900,7,28,-2,67%
TASA4,Taurus,1.038.200,14,61,-2,14%
POMO3,Marcopolo,1.036.200,4,22,+1,20%
GGPS3,GPS,951.300,16,10,+0,19%
ATMP3,Atma,914.800,1,30,+11,11%
RANI3,Irani,905.400,9,18,-1,61%
ABCB4,Banco ABC Brasil,839.500,18,80,-0,05%
WIZC3,Wiz Soluções,827.100,6,62,+2,80%
RNEW3,Renova Energia,821.700,1,61,+4,55%
ITUB3,Itaú Unibanco,774.600,24,77,+0,77%
PGMN3,Pague Menos,763.500,4,32,+1,17%
CSED3,Cruzeiro do Sul Educacional,754.500,4,24,+6,00%
TUPY3,Tupy,721.000,26,46,+0,42%
BMGB4,Banco BMG,664.700,2,69,+0,00%
SQIA3,Sinqia,663.300,21,96,-0,54%
RNEW4,Renova Energia,632.900,1,67,+6,37%
BOAS3,Boa Vista,620.400,7,84,-0,13%
PORT3,Wilson Sons,587.200,13,86,+2,67%
SGPS3,Springs,578.400,3,47,-5,71%
PNVL3,Dimed,574.300,12,43,-1,66%
VIVR3,Viver,560.200,3,23,-1,22%
TTEN3,3tentos,532.800,12,68,+0,32%
KLBN3,Klabin,515.400,4,54,-2,58%
LUPA3,Lupatech,507.500,3,47,-1,42%
ORVR3,Orizon,505.100,36,77,-1,71%
BLAU3,Blau Farmacêutica,477.100,21,04,+0,57%
LOGG3,LOG CP,471.900,23,67,+3,50%
SHUL4,Schulz,467.100,5,97,+0,00%
AGRO3,BrasilAgro,466.300,24,55,-0,85%
OIBR4,Oi,455.700,2,47,+5,56%
JFEN3,João Fortes,452.800,3,80,+47,29%
OPCT3,OceanPact,419.300,4,36,+0,93%
MTRE3,Mitre Realty,409.200,6,65,+2,62%
ARML3,Armac,404.300,14,67,+0,62%
DASA3,Dasa,400.300,10,90,+2,83%
LAVV3,Lavvi Incorporadora,397.800,6,64,+2,00%
MDNE3,Moura Dubeux,396.800,9,10,+0,89%
BMOB3,Bemobi,374.100,14,15,-0,07%
AZEV3,Azevedo & Travassos,371.100,1,94,+10,23%
NINJ3,GetNinjas,370.100,3,70,+8,82%
VLID3,Valid,343.200,15,35,+1,72%
ALPK3,Estapar,335.100,4,07,-2,63%
MATD3,Mater Dei,329.400,10,89,-0,73%
SHOW3,Time For Fun,323.500,2,60,-4,41%
WEST3,Westwing,302.000,1,33,+1,53%
UNIP6,Unipar,295.000,79,57,+0,20%
HBRE3,HBR Realty,294.400,5,28,-0,19%
JALL3,Jalles Machado,293.200,8,30,+0,24%
ETER3,Eternit,293.000,12,00,-1,23%
CLSA3,ClearSale,279.200,7,27,+1,82%
USIM3,Usiminas,261.300,7,46,-0,53%
FRAS3,Fras-le,260.600,12,73,+0,55%
ITSA3,Itaúsa,255.900,10,00,+0,50%
SAPR3,Sanepar,250.200,4,20,+0,48%
VULC3,Vulcabras,249.800,17,03,+0,00%
SOJA3,Boa Safra Sementes,246.700,10,75,+0,09%
ROMI3,Indústrias ROMI,245.600,17,67,-1,28%
FIQE3,Unifique,230.900,4,10,-0,97%
JSLG3,JSL,227.000,8,70,-1,47%
CMIG3,CEMIG,218.000,18,74,+2,40%
PRNR3,Priner,217.600,9,32,+0,22%
FESA4,Ferbasa,204.100,47,90,+1,48%
SYNE3,SYN,202.200,3,96,+0,76%
RSID3,Rossi Residencial,194.100,5,00,-3,47%
INEP4,Inepar,191.200,3,74,-4,83%
VITT3,Vittia,183.300,11,30,-1,05%
AALR3,Alliar,183.000,23,28,-0,30%
PINE4,PINE,179.000,2,85,-1,38%
TCSA3,Tecnisa,174.600,3,95,+4,22%
TAEE4,Taesa,172.300,12,64,-0,32%
LEVE3,Mahle Metal Leve,170.400,45,76,+0,07%
PDTC3,Padtec,169.800,3,26,+4,82%
IGTI3,Iguatemi,168.200,2,82,+0,71%
IGTI3,Jereissati Participações,168.200,2,82,+0,71%
LPSB3,Lopes,163.100,2,69,+1,51%
PDGR3,PDG Realty,159.100,6,44,+1,90%
ALLD3,Allied,149.500,6,78,-1,74%
TGMA3,Tegma,141.200,22,70,+0,93%
LOGN3,Log-In,138.600,51,12,+0,53%
MELK3,Melnick,138.500,4,17,-0,24%
BOBR4,Bombril,135.300,1,88,+0,53%
SANB3,Banco Santander,130.500,14,60,+1,60%
TECN3,Technos,122.800,3,27,-0,30%
TPIS3,Triunfo,120.200,4,51,-2,17%
SANB4,Banco Santander,117.600,16,61,+0,54%
RPMG3,Refinaria de Manguinhos,98.900,2,35,+5,38%
AGXY3,AgroGalaxy,95.200,6,00,-3,23%
TFCO4,Track & Field,93.200,12,19,+2,52%
INEP3,Inepar,84.600,4,94,-1,20%
HAGA4,Haga,82.900,1,32,+2,33%
EUCA4,Eucatex,82.100,11,34,+0,98%
GGBR3,Gerdau,78.000,22,93,-0,48%
LVTC3,WDC Networks,77.100,6,85,+3,32%
PFRM3,Profarma,75.200,3,99,-0,75%
CTSA4,Santanense,73.300,3,44,-5,75%
BRPR3,BR Properties,73.000,72,10,+0,03%
TAEE3,Taesa,71.800,12,59,-0,16%
CAMB3,Cambuci,70.800,9,72,-0,82%
DEXP3,Dexxos,64.700,9,65,-0,52%
BRAP3,Bradespar,62.400,21,19,+0,09%
PMAM3,Paranapanema,61.300,4,89,-2,78%
SLED3,Saraiva,57.700,8,21,+0,00%
GOAU3,Metalúrgica Gerdau,57.100,11,65,-0,60%
BAHI3,Bahema,50.800,8,59,-2,05%
AVLL3,Alphaville,49.600,7,20,+2,56%
VVEO3,Viveo,44.500,20,28,-1,27%
CTNM4,Coteminas,43.500,3,46,-1,98%
DESK3,Desktop,43.300,11,50,+0,88%
CSUD3,CSU Cardsystem,38.700,13,88,+1,02%
IGTI4,Jereissati Participações,38.000,10,00,+1,42%
IGTI4,Iguatemi,38.000,10,00,+1,42%
NEXP3,Brasil Brokers,36.100,7,11,+10,40%
BRKM3,Braskem,36.000,29,75,-1,00%
TASA3,Taurus,36.000,14,75,-1,67%
ATOM3,ATOM,34.600,2,73,+1,87%
HOOT4,Hotéis Othon,34.000,2,46,-5,02%
ELMD3,Eletromidia,32.400,16,53,-2,42%
HAGA3,Haga,31.000,3,34,-0,60%
CEBR6,CEB,27.600,12,85,+0,39%
RAPT3,Randon,27.600,9,95,+1,22%
SNSY5,Sansuy,26.900,3,40,-3,41%
BEES4,Banestes,26.500,10,65,-8,19%
FHER3,Fertilizantes Heringer,24.900,14,89,+0,13%
VSTE3,LE LIS BLANC,22.700,18,29,+0,49%
UNIP3,Unipar,21.100,75,24,+0,45%
COCE5,Coelce,18.100,56,84,+1,99%
BEES3,Banestes,17.600,9,03,-1,20%
BRSR3,Banrisul,17.100,14,74,+1,24%
CTSA3,Santanense,16.700,4,35,-0,23%
DMVF3,D1000 Varejo Farma,16.300,4,72,+0,85%
OSXB3,OSX Brasil,14.700,5,30,+1,92%
BIOM3,Biomm,14.400,6,05,-3,20%
LAND3,Terra Santa,13.200,23,45,-0,21%
ENGI4,Energisa,12.700,8,27,-0,36%
ALUP4,Alupar,10.600,9,92,-0,70%
ALUP3,Alupar,8.800,9,88,-0,20%
PTNT4,Pettenati,8.800,6,78,+1,65%
RDNI3,RNI,8.200,6,17,-2,06%
CGRA4,Grazziotin,8.100,31,49,+0,61%
ALPA3,Alpargatas,7.300,11,42,+1,06%
CGRA3,Grazziotin,6.600,30,96,+0,85%
EALT4,Electro Aço Altona,6.500,8,19,+0,12%
CEED3,CEEE D,6.300,20,50,-6,22%
BPAC5,Banco BTG Pactual,6.300,7,64,+1,87%
UCAS3,Unicasa,6.300,2,86,+2,14%
CEBR5,CEB,5.800,12,60,+0,00%
CEBR3,CEB,5.000,12,41,-1,27%
DOHL4,Döhler,5.000,5,56,-3,64%
TELB4,Telebras,4.800,12,78,+4,75%
BRIV3,Alfa Investimento,4.800,9,02,-7,96%
ENGI3,Energisa,4.700,13,73,-2,07%
BMEB4,Banco Mercantil do Brasil,4.700,10,71,-0,65%
CEDO4,Cedro Têxtil,4.700,9,08,+0,78%
PTNT3,Pettenati,4.600,8,98,-1,32%
RSUL4,Metalúrgica Riosulense,4.100,62,50,-0,62%
OFSA3,Ourofino Saúde Animal,4.100,25,00,-1,57%
WHRL3,Whirlpool,4.000,4,66,+0,00%
BAZA3,Banco da Amazônia,3.900,68,00,+0,22%
MTSA4,METISA,3.600,42,98,+0,87%
BPAC3,Banco BTG Pactual,3.500,15,63,-0,45%
WHRL4,Whirlpool,3.300,4,72,+0,00%
EUCA3,Eucatex,3.000,15,70,-0,25%
MWET4,Wetzel,3.000,11,00,-4,26%
REDE3,Rede Energia,3.000,5,63,+0,54%
CLSC4,Celesc,2.500,56,92,-0,05%
EQPA3,Equatorial Energia Pará,2.400,5,95,+0,34%
MGEL4,Mangels,2.300,16,80,-3,45%
FRTA3,Pomi Frutas,2.300,2,40,-2,83%
MNPR3,Minupar,2.000,10,59,+0,86%
DEXP4,Dexxos,2.000,9,40,+1,08%
CRPG5,Tronox Pigmentos,1.800,36,77,+1,55%
BDLL4,Bardella,1.600,10,30,+0,00%
WLMM4,WLM,1.500,21,20,+1,68%
CRPG6,Tronox Pigmentos,1.400,33,94,-1,62%
CEDO3,Cedro Têxtil,1.400,9,40,-6,00%
APER3,Alper,1.300,27,52,-0,04%
SNSY3,Sansuy,1.200,5,21,+0,39%
TRPL3,Transmissão Paulista,1.100,30,33,+0,80%
SCAR3,São Carlos,1.100,20,06,+0,30%
BAUH4,Excelsior,1.000,70,89,+1,45%
BALM4,Baumer,1.000,9,10,-4,21%
ENMT3,Energisa MT,800,70,95,-0,07%
ENMT4,Energisa MT,800,70,95,-0,07%
CTNM3,Coteminas,800,9,99,+2,46%
PLAS3,Plascar,800,8,65,-0,80%
PATI4,Panatlântica,700,35,00,+0,00%
MOAR3,Monteiro Aranha,600,418,00,-0,44%
UNIP5,Unipar,600,87,98,+2,36%
CLSC3,Celesc,600,56,87,-1,51%
TELB3,Telebras,600,17,28,-0,69%
EPAR3,EPAR3,600,12,21,-0,08%
CGAS5,Comgás,400,129,49,+0,78%
GEPA3,Rio Paranapanema Energia,400,25,00,+0,00%
CTKA4,Karsten,400,10,00,+0,00%
HETA4,Hercules,400,6,38,+4,08%
CRIV3,Alfa Financeira,400,5,49,+1,29%
GEPA4,Rio Paranapanema Energia,300,26,00,+0,04%
GSHP3,General Shopping & Outlets,300,16,10,+0,75%
LIPR3,Eletropar,200,72,80,+0,00%
CEEB3,COELBA,200,39,00,-0,69%
PATI3,Panatlântica,200,38,40,+6,67%
EALT3,Electro Aço Altona,200,8,59,-0,12%
MNDL3,Mundial,100,55,97,+1,67%
BGIP3,Banese,100,25,13,-1,37%
BGIP4,Banese,100,22,38,+0,81%
CSRN6,COSERN,100,22,23,-0,22%
CSRN3,COSERN,100,22,00,-8,30%
JOPA3,Josapar,100,21,12,-2,04%
BMIN4,Banco Mercantil de Investimentos,100,14,60,+2,10%
BMEB3,Banco Mercantil do Brasil,100,12,37,-0,56%
DMFN3,DMFN3,100,11,87,-18,75%
MERC4,Mercantil do Brasil Financeira,100,7,36,-1,21%
ESTR4,Estrela,100,7,10,+5,97%
NORD3,Nordon,100,5,96,+0,17%
BMKS3,Monark,9,370,00,+0,00%
TEKA4,Teka,14.200,17,36,+8,57%
EMAE4,EMAE,3.100,68,49,+0,43%
DTCY3,Dtcom,2.500,5,65,-2,59%
CPLE5,Copel,1.700,25,60,+0,39%
BSLI4,Banco de Brasília,600,12,12,-1,14%
EKTR4,Elektro,500,36,50,-4,58%
CSAB4,Cia. de Seg. Aliança da Bahia,300,40,10,+0,25%
BRIV4,Alfa Investimento,300,9,80,-2,68%
CRIV4,Alfa Financeira,300,5,35,+0,00%
CRPG3,Tronox Pigmentos,100,40,00,-20,00%
CSAB3,Cia. de Seg. Aliança da Bahia,100,32,11,+0,34%
BMIN3,Banco Mercantil de Investimentos,100,27,35,-1,19%
CBEE3,Ampla Energia,100,14,42,-1,23%
BRSR5,Banrisul,2.100,18,75,-5,06%
EQMA3B,Equatorial Maranhão,1.100,24,10,+0,00%
BRGE3,Consórcio Alfa,1.100,9,77,-1,31%
PEAB3,Participações Aliança da Bahia,1.000,33,29,+5,35%
TKNO4,Tekno,800,58,01,+3,59%
BSLI3,Banco de Brasília,500,16,95,+0,00%
MAPT3,Cemepe,300,30,05,+0,00%
HBTS5,Habitasul,200,42,00,+2,44%
SOND5,Sondotécnica,100,45,00,+12,50%
BALM3,Baumer,100,12,00,+9,09%
RPAD5,Alfa Holdings,5.600,6,92,-2,54%
BNBR3,Banco do Nordeste,200,80,21,-0,10%
BRKM6,Braskem,200,20,50,+9,04%
CSRN5,COSERN,100,25,98,-0,04%
AFLT3,Afluente T,100,9,04,-2,38%
LUXM4,Trevisa,3.900,21,49,-0,05%
CGAS3,Comgás,200,128,00,+0,38%
AHEB3,São Paulo Turismo,100,22,10,+0,00%
AHEB6,São Paulo Turismo,100,18,51,-11,86%
PEAB4,Participações Aliança da Bahia,400,63,10,+5,38%
CRDE3,CR2,400,16,00,+0,00%
BDLL3,Bardella,200,13,10,+0,92%
RPAD6,Alfa Holdings,200,6,77,+1,04%
ESTR3,Estrela,100,19,95,-1,34%
FESA3,Ferbasa,400,58,90,-7,35%
USIM6,Usiminas,100,14,80,+0,00%
RPAD3,Alfa Holdings,700,7,45,+6,13%
IGBR3,IGB Eletrônica,700,175,99,+1,14%
ELET5,Eletrobras,100,70,51,+0,00%
COCE3,Coelce,100,48,62,+3,45%
BRGE11,Consórcio Alfa,100,9,99,+2,04%
BRGE8,Consórcio Alfa,100,9,95,+2,58%
BRGE6,Consórcio Alfa,400,9,45,-9,57%
FRIO3,Metalfrio,100,22,21,-3,48%
CALI3,Adolpho Lindenberg,100,11,11,+0,00%
MSPA4,Melhoramentos,100,40,00,+0,00%
MRSA6B,MRS Logística,200,22,00,-4,60%
BRGE7,Consórcio Alfa,400,9,29,+26,22%
AHEB5,São Paulo Turismo,100,18,50,+0,00%
DOHL3,Döhler,100,10,00,+0,00%
JOPA4,Josapar,200,34,21,-2,56%
MWET3,Wetzel,200,13,28,-55,70%
EKTR3,Elektro,100,34,92,-3,19%
BRGE12,Consórcio Alfa,400,9,90,+0,10%
ODER4,Conservas Oderich,100,100,00,+12,35%
CEEB5,COELBA,100,35,24,+0,09%
EQPA7,Equatorial Energia Pará,300,7,01,-12,38%
PARD3,Hermes Pardini,1.855.100,18,10,+1,23%
CASN3,CASAN,100,10,43,-18,58%
WLMM3,WLM,500,20,00,-9,09%
MAPT4,Cemepe,200,6,82,-33,20%
CEED4,CEEE D,100,30,00,-14,29%
GPAR3,CELGPAR,200,41,92,-8,87%
MTSA3,METISA,200,75,00,+0,00%
SOND6,Sondotécnica,600,32,35,+0,00%
MRSA5B,MRS Logística,100,27,00,+22,39%
WIZS3,WIZS3,779.400,7,16,+1,99%
LLIS3,LLIS3,249.800,1,73,+2,98%
MSPA3,Melhoramentos,400,46,25,-7,52%
BRML3,BRMalls,16.132.900,8,26,+2,35%
DMMO3,Dommo Energia,3.254.800,1,76,-1,12%
EQPA5,Equatorial Energia Pará,100,8,64,+0,93%
GETT3,Getnet,46.500,2,40,+1,27%
GETT4,Getnet,18.500,2,40,+1,27%
SULA4,SulAmérica,18.600,7,63,+5,53%
SULA3,SulAmérica,4.000,7,43,+1,50%
CTKA3,Karsten,200,21,46,-1,20%
BRGE5,Consórcio Alfa,800,11,53,+15,30%
MRSA3B,MRS Logística,100,26,00,+4,00%
CEPE5,CELPE,100,40,12,+0,02%
MERC3,Mercantil do Brasil Financeira,100,15,11,-5,56%
TCNO4,Tecnosolo,36.800,0,85,-9,57%
TCNO3,Tecnosolo,3.400,1,20,-1,64%
CEPE6,CELPE,100,43,00,+6,17%
BKBR3,BKBR3,782.300,7,63,+0,26%
MTIG4,Metalgráfica Iguaçu,100,23,00,+0,00%
BLUT4,Blue Tech Solutions,171.100,1,52,-5,59%
BLUT3,Blue Tech Solutions,13.400,5,14,+0,59%
MODL4,Banco Modal,700,2,72,-2,16%
CARD3,CARD3,118.000,14,51,+1,82%
SHUL3,Schulz,100,27,94,-50,12%
FIGE3,Investimentos Bemge,100,12,03,+99,83%
FNCN3,Finansinos,4.800,14,25,-0,35%
TEKA3,Teka,100,8,23,+1,73%
HETA3,Hercules,200,96,00,+0,00%
LCAM3,Locamerica,26.118.900,24,15,+1,86%
BIDI4,Banco Inter,52.479.800,3,41,-2,01%
BIDI3,Banco Inter,15.262.400,3,40,-2,58%
EEEL4,CEEE GT,100,410,00,-4,27%
EEEL3,CEEE GT,400,421,01,+5,25%
BBRK3,BBRK3,1.279.600,0,80,+1,27%
SOND3,Sondotécnica,200,46,01,+14,45%
CEGR3,Naturgy (CEG),100,89,00,+11,40%
CESP6,CESP,9.306.600,25,25,+1,41%
CESP3,CESP,11.500,25,55,+1,71%
CESP5,CESP,300,25,00,+2,75%
ECPR4,Encorpar,100,90,74,+0,42%
MOSI3,Mosaico,1.021.200,8,24,+3,00%
POWE3,Focus Energia,678.000,10,90,-2,24%
EQPA6,Equatorial Energia Pará,600,10,69,+0,09%
ECPR3,Encorpar,300,90,25,+12,97%
GNDI3,NotreDame Intermédica,33.458.600,65,34,+0,00%
LAME4,Lojas Americanas,43.631.000,6,55,+2,02%
LAME3,Lojas Americanas,10.941.100,6,62,+2,95%
OMGE3,Omega Geração,834.900,27,57,-0,86%
IGTA3,IGTA3,1.641.100,33,13,+0,18%
JPSA3,JPSA3,100.100,29,02,+1,75%
BRDT3,BRDT3,24.483.500,22,03,-5,17%
JBDU4,JBDU4,2.556.100,1,36,+3,82%
JBDU3,JBDU3,1.890.100,3,12,+9,09%
HGTX3,Hering,7.519.800,37,50,-2,65%
CCPR3,CCPR3,328.200,10,16,-4,51%
DTEX3,DTEX3,2.875.600,20,63,-3,10%
VVAR3,VVAR3,65.670.600,11,30,-6,38%
PNVL4,Dimed,2.000,18,62,-2,67%
TESA3,Terra Santa,41.100,48,00,-2,74%
BTOW3,BTOW3,11.169.600,68,00,+4,15%
LINX3,Linx,8.510.000,37,40,-0,27%
BTTL3,Embpar,6.100,19,72,-2,33%
GPCP3,GPCP3,698.100,49,00,-3,92%
GPCP4,GPCP4,5.300,45,51,-1,30%
SMLS3,Smiles,1.944.100,22,40,-1,71%
MMXM3,MMX Mineração,1.240.300,14,00,-30,35%
BSEV3,Biosev,528.800,9,00,+8,43%
CNTO3,CNTO3,2.083.600,28,08,+4,78%
TIET4,AES Tietê Energia,323.700,3,51,+1,15%
TIET3,AES Tietê Energia,169.100,3,49,+0,87%
CORR4,Corrêa Ribeiro,100,82,00,+18,84%
CEPE3,CELPE,1.300,128,00,+85,32%
CALI4,Adolpho Lindenberg,100,50,00,+4,17%
SNSY6,Sansuy,100,11,51,+4,64%
CASN4,CASAN,100,10,00,-16,67%
EMAE3,EMAE,100,26,01,+33,25%
BPAR3,Banpará,100,182,07,+20,58%
APTI4,Aliperti,200,3.500,00,-61,96%
VSPT3,FCA,1.000.000,4.999.999,50,+114,29%
MTIG3,Metalgráfica Iguaçu,400,156,30,+29,60%
FIGE4,Investimentos Bemge,100,38,01,-4,97%
LUXM3,Trevisa,200,10,00,+7,99%
TKNO3,Tekno,100,85,79,+10,64%
COCE6,Coelce,100,35,00,+16,63%
MGEL3,Mangels,100,75,00,+8,70%
CTSA8,Santanense,2.000,1,00,+0,00%
MMAQ4,Minasmáquinas,14,200,06,-28,55%
